{
    "message": {
        "id": "15664265766116",
         "text": "\u5404\u4f4d\u4eca\u5929\u665a\u4e0a7.30\u6211\u5011\u5148\u9810\u6f14\u4e00\u4e0b\uff08\u5ba2\u6236\u9762\u8ac7\u7684\u90e8\u5206\uff09",
         "type": "text"
    },
     "mode": "active",
     "replyToken": "f1b3e779d81e4273a4b5354833fe3a02",
     "source": {
        "groupId": "Cbfe345450c7b9b24c7d64afafc7042b5",
         "type": "group",
         "userId": "U6feaa10ddbb90decf621c4feb49e351c"
    },
     "timestamp": 1646036661517,
     "type": "message"
}
